{"accuracy": 0.8280340349305867, "precision": 0.8014121800529568, "recall": 0.8509840674789129, "f1_score": 0.8254545454545454}